样例,1（ms）,2（ms）,4（ms）,5（ms）,7（ms）
串行,0.065764,0.482017,12.4805,89.1196,10392.4
算法1,8.87428,88.306946,1246.458008,4390.29248,297804.1875
算法2,2.935296,24.084225,163.239838,362.850647,26644.15625
